{"enable_subscribe":"1","mailchimp_url":"http:\/\/eepurl.com\/dxHIUz","title_subscribe_button":"Subscribe","header_type":"minimalist","enable_sticky_header":"0","enable_share_header":"0","enable_search_header":"1","enable_scroll_submenu":"0","logo_type":"1","logo_icon":"","logo_icon_color":"#ffffff","logo_text_color":"#ffffff","logo_image":{"url":"http:\/\/estudiopatagon.com\/themes\/wordpress\/breek\/wp-content\/uploads\/2019\/06\/Logo@2x.png","id":"256","width":"316","height":"122","thumbnail":"http:\/\/estudiopatagon.com\/themes\/wordpress\/breek\/wp-content\/uploads\/2019\/06\/Logo@2x-150x122.png","alt":"","title":"Logo@2x","description":""},"logo_width":"158","sticky_logo_image":{"url":"","id":"","width":"","height":"","thumbnail":"","alt":"","title":"","description":""},"sticky_logo_width":"","enable_notice":"0","enable_notice_close":"0","notice_text":"<strong>Be part of our next Marketing event!<\/strong>\u00a0Web Designer Day is coming, and we're running a cross-channel marketing campaign from May 28 - June 4","copyright_text":"Published with <a href=\"https:\/\/wordpress.org\/\" target=\"_blank\" rel=\"noopener\">WordPress<\/a>","enable_back_to_top":"1","enable_footer_logo":"1","enable_footer_custom_logo":"0","footer_logo_type":"1","footer_logo_icon":"","footer_logo_icon_color":"#ffffff","footer_logo_text_color":"#ffffff","footer_logo_image":{"url":"","id":"","width":"","height":"","thumbnail":"","alt":"","title":"","description":""},"footer_logo_width":"200","header_advertising_type":"image","header_advertising_image":{"url":"http:\/\/estudiopatagon.com\/themes\/wordpress\/breek\/wp-content\/uploads\/2019\/06\/Banner-Header.png","id":"203","width":"728","height":"90","thumbnail":"http:\/\/estudiopatagon.com\/themes\/wordpress\/breek\/wp-content\/uploads\/2019\/06\/Banner-Header-150x90.png","alt":"","title":"Banner Header","description":""},"header_advertising_url":"","header_advertising_code":"","ads_enabled_below_header":"0","ads_type_below_header":"image","ads_mobile_below_header":"1","ads_image_below_header":{"url":"","id":"","width":"","height":"","thumbnail":"","alt":"","title":"","description":""},"ads_url_below_header":"","ads_code_below_header":"","ads_mt_below_header":"50","ads_mb_below_header":"50","ads_enabled_single_top":"0","ads_mobile_single_top":"1","ads_type_single_top":"image","ads_image_single_top":{"url":"","id":"","width":"","height":"","thumbnail":"","alt":"","title":"","description":""},"ads_url_single_top":"","ads_code_single_top":"","ads_mt_single_top":"25","ads_mb_single_top":"25","ads_enabled_single_bottom":"0","ads_mobile_single_bottom":"1","ads_type_single_bottom":"image","ads_image_single_bottom":{"url":"","id":"","width":"","height":"","thumbnail":"","alt":"","title":"","description":""},"ads_url_single_bottom":"","ads_code_single_bottom":"","ads_mt_single_bottom":"25","ads_mb_single_bottom":"25","ads_custom_shortcode_copy":"[epcl_custom_ads id=\"1\"]","ads_enabled_custom_shortcode":"0","ads_mobile_custom_shortcode":"1","ads_type_custom_shortcode":"image","ads_image_custom_shortcode":{"url":"","id":"","width":"","height":"","thumbnail":"","alt":"","title":"","description":""},"ads_url_custom_shortcode":"","ads_code_custom_shortcode":"","ads_mt_custom_shortcode":"25","ads_mb_custom_shortcode":"25","ads_custom_shortcode_copy_2":"[epcl_custom_ads id=\"2\"]","ads_enabled_custom_shortcode_2":"0","ads_mobile_custom_shortcode_2":"1","ads_type_custom_shortcode_2":"image","ads_image_custom_shortcode_2":{"url":"","id":"","width":"","height":"","thumbnail":"","alt":"","title":"","description":""},"ads_url_custom_shortcode_2":"","ads_code_custom_shortcode_2":"","ads_mt_custom_shortcode_2":"25","ads_mb_custom_shortcode_2":"25","ads_enabled_grid_loop":"1","ads_mobile_grid_loop":"1","ads_position_grid_loop":"5","ads_type_grid_loop":"image","ads_image_grid_loop":{"url":"http:\/\/estudiopatagon.com\/themes\/wordpress\/breek\/wp-content\/uploads\/2019\/06\/Banner-Grid.png","id":"241","width":"240","height":"400","thumbnail":"http:\/\/estudiopatagon.com\/themes\/wordpress\/breek\/wp-content\/uploads\/2019\/06\/Banner-Grid-150x150.png","alt":"","title":"Banner Grid","description":""},"ads_url_grid_loop":"","ads_code_grid_loop":"","ads_mt_grid_loop":"25","ads_mb_grid_loop":"25","background_type":"5","bg_body_color":"#485DA6","bg_body_pattern":{"url":"","id":"","width":"","height":"","thumbnail":"","alt":"","title":"","description":""},"bg_body_full":{"url":"","id":"","width":"","height":"","thumbnail":"","alt":"","title":"","description":""},"bg_body_gradient":{"from":"#485DA6","to":"#32b37b"},"primary_color":"#E84E89","secondary_color":"#00BEC1","third_color":"#111111","text_color":"#333333","main_link_gradient":{"from":"#00BEC1","to":"#00BEC1"},"header_bg_color":"transparent","header_menu_link_color":{"color":"#ffffff","hover":"#ffffff","active":"#ffffff"},"header_submenu_link_color":{"color":"#333333","hover":"#333333","active":"#E84E89"},"header_submenu_bg_color":"#ffffff","header_sticky_bg_color":"#111111","header_mobile_icon_color":"#ffffff","selection_bg_color":"#E84E89","selection_text_color":"#ffffff","main_content_bg_color":"#ffffff","content_border_color":"#f4f4f4","main_title_color":"#222222","content_link_color":{"color":"#333333","hover":"#00BEC1"},"button_bg_color":"#E84E89","button_text_color":"#ffffff","button_secondary_bg_color":"#00BEC1","button_secondary_text_color":"#ffffff","tag_text_color":{"color":"#ffffff","hover":"#ffffff"},"tag_bg_color":{"color":"#E84E89","hover":"#E84E89"},"sidebar_bg_color":"#ffffff","sidebar_text_color":"#333333","sidebar_link_color":{"color":"#333333","hover":"#00BEC1"},"sidebar_title_color":"#222222","sidebar_title_decoration_color":"#f4f4f4","input_bg_color":"#f2f2f2","input_text_color":"#333333","label_text_color":"#333333","custom_select_bg_color":"#E84E89","custom_select_text_color":"#ffffff","submit_bg_color":"#E84E89","submit_text_color":"#ffffff","footer_bg_color":"transparent","footer_text_color":"#ffffff","footer_link_color":{"color":"#ffffff","hover":"#ffffff"},"footer_title_color":"#ffffff","footer_title_decoration_color":"rgba(255,255,255,0.25)","footer_widget_border_color":"rgba(255,255,255,0.25)","footer_copyright_color":"#ffffff","footer_copyright_link_color":"#ffffff","enable_google_fonts":"1","body_font":{"font-family":"","font-weight":"","font-style":"","subset":"","font-size":"","type":"","unit":"px"},"primary_titles_font":{"font-family":"","font-weight":"","font-style":"","subset":"","type":"","unit":"px"},"sidebar_titles_font":{"font-family":"","font-weight":"","font-style":"","subset":"","type":"","unit":"px"},"sidebar_font":{"font-family":"","font-weight":"","font-style":"","subset":"","type":"","unit":"px"},"footer_titles_font":{"font-family":"","font-weight":"","font-style":"","subset":"","type":"","unit":"px"},"footer_font":{"font-family":"","font-weight":"","font-style":"","subset":"","type":"","unit":"px"},"editor_font_size":"17","h1_font_size":"34","h2_font_size":"28","h3_font_size":"24","h4_font_size":"18","h5_font_size":"16","h6_font_size":"14","enable_sticky_sidebar":"1","enable_post_sidebar":"1","enable_page_sidebar":"1","custom_sidebar":[{"sidebar":"Custom Sidebar"}],"enable_mobile_sidebar":"0","mobile_sidebar":"epcl_sidebar_default","enable_mobile_footer_sidebar":"1","mobile_footer_sidebar":"epcl_sidebar_default","enable_global_date":"1","enable_global_comments":"1","enable_global_views":"1","enable_global_category":"1","category_limit":"2","hosted_comments":"1","disqus_id":"","facebook_lang_code":"","facebook_app_id":"","grid_display_author":"1","grid_title_length":"","grid_display_excerpt":"1","small_excerpt_length":"17","classic_display_author":"1","classic_title_length":"","classic_display_excerpt":"1","large_excerpt_length":"30","classic_enable_meta_data":"1","posts_page_layout":"grid_3_cols","archive_layout":"grid_3_cols","search_layout":"classic","single_post_layout":"1","enable_featured_image":"1","single_enable_meta_data":"1","enable_author_top":"0","enable_single_category":"1","enable_author":"1","siblings_posts":"1","enable_share_buttons":"1","enable_share_buttons_page":"0","enable_sticky_share_buttons":"1","enable_sticky_share_buttons_page":"0","enable_single_facebook":"1","enable_single_twitter":"1","enable_single_whatsapp":"1","enable_single_email":"1","enable_single_pinterest":"0","enable_single_linkedin":"0","enable_single_telegram":"0","enable_single_vk":"0","twitter_url":"","facebook_url":"","instagram_url":"","linkedin_url":"","pinterest_url":"","dribbble_url":"","tumblr_url":"","youtube_url":"","flickr_url":"","twitch_url":"","vk_url":"","telegram_url":"","rss_url":"","enable_acf_menu":"0","enable_gutenberg_admin":"1","enable_open_graph":"1","css_code":"","custom_scripts":"","custom_scripts_footer":"","enable_optimization":"1","move_jquery_footer":"1","remove_gutenberg_styles":"0","enable_lazyload":"1","enable_lazyload_posts":"1","enable_lazyload_embed":"1","enable_lazyload_adsense":"","title_header":"","title_logo":"","title_notice":"","ads_top_header":"","ads_below_header":"","ads_single_top":"","ads_single_bottom":"","ads_custom_shortcode_title_1":"","ads_custom_shortcode_title_2":"","ads_custom_shortcode":"","info_forms":"","general_fonts":"","sidebar_fonts":"","footer_fonts":"","info_fonts":"","title_font_size":"","title_sidebar_mobile":"","info_normal":""}